Location_ID,Location_Name,URL_Slug,Image_Filename,Image_Source_Tier,License,Attribution,Rendered_Alt_Template,Upgrade_TODO
SK-0002,Saskatoon,saskatoon,saskatoon-saskatoon-region-sk.webp,flag,CC0/Public-Domain,Wikimedia Commons — Public Domain — flag of Saskatchewan (place-neutral fallback),"{SERVICE_CATEGORY} in Saskatoon, Saskatchewan — Saskatoon, Saskatoon Region, Saskatchewan — city of 266,141, 0 km from Saskatoon","Replace with a license-verified photo of Saskatoon, SK (search Wikimedia Commons: ""Saskatoon Saskatchewan"")"
SK-0005,Warman,warman,warman-saskatoon-region-sk.webp,flag,CC0/Public-Domain,Wikimedia Commons — Public Domain — flag of Saskatchewan (place-neutral fallback),"{SERVICE_CATEGORY} in Warman, Saskatchewan — Warman, Saskatoon Region, Saskatchewan — city of 12,419, 21 km from Saskatoon","Replace with a license-verified photo of Warman, SK (search Wikimedia Commons: ""Warman Saskatchewan"")"
SK-0006,Martensville,martensville,martensville-saskatoon-region-sk.webp,flag,CC0/Public-Domain,Wikimedia Commons — Public Domain — flag of Saskatchewan (place-neutral fallback),"{SERVICE_CATEGORY} in Martensville, Saskatchewan — Martensville, Saskatoon Region, Saskatchewan — city of 10,549, 17 km from Saskatoon","Replace with a license-verified photo of Martensville, SK (search Wikimedia Commons: ""Martensville Saskatchewan"")"
SK-0050,Corman Park,corman-park,corman-park-saskatoon-region-sk.webp,flag,CC0/Public-Domain,Wikimedia Commons — Public Domain — flag of Saskatchewan (place-neutral fallback),"{SERVICE_CATEGORY} in Corman Park, Saskatchewan — Corman Park, Saskatoon Region, Saskatchewan — rural municipality of 8,909, on the Opimihaw Creek","Replace with a license-verified photo of Corman Park, SK (search Wikimedia Commons: ""Corman Park Saskatchewan"")"
SK-0135,Vanscoy,vanscoy-rm,vanscoy-rm-saskatoon-region-sk.webp,flag,CC0/Public-Domain,Wikimedia Commons — Public Domain — flag of Saskatchewan (place-neutral fallback),"{SERVICE_CATEGORY} in Vanscoy, Saskatchewan — Vanscoy, Saskatoon Region, Saskatchewan — rural municipality of 2,799, farmland 24 km from Saskatoon","Replace with a license-verified photo of Vanscoy, SK (search Wikimedia Commons: ""Vanscoy Saskatchewan"")"
SK-0204,Dundurn,dundurn-rm,dundurn-rm-saskatoon-region-sk.webp,flag,CC0/Public-Domain,Wikimedia Commons — Public Domain — flag of Saskatchewan (place-neutral fallback),"{SERVICE_CATEGORY} in Dundurn, Saskatchewan — Dundurn, Saskatoon Region, Saskatchewan — rural municipality of 2,101, farmland 32 km from Saskatoon","Replace with a license-verified photo of Dundurn, SK (search Wikimedia Commons: ""Dundurn Saskatchewan"")"
SK-0029,Dalmeny,dalmeny,dalmeny-saskatoon-region-sk.webp,flag,CC0/Public-Domain,Wikimedia Commons — Public Domain — flag of Saskatchewan (place-neutral fallback),"{SERVICE_CATEGORY} in Dalmeny, Saskatchewan — Dalmeny, Saskatoon Region, Saskatchewan — town of 1,766, 23 km from Saskatoon","Replace with a license-verified photo of Dalmeny, SK (search Wikimedia Commons: ""Dalmeny Saskatchewan"")"
SK-0413,Blucher,blucher-rm,blucher-rm-saskatoon-region-sk.webp,flag,CC0/Public-Domain,Wikimedia Commons — Public Domain — flag of Saskatchewan (place-neutral fallback),"{SERVICE_CATEGORY} in Blucher, Saskatchewan — Blucher, Saskatoon Region, Saskatchewan — rural municipality of 1,984, farmland 37 km from Saskatoon","Replace with a license-verified photo of Blucher, SK (search Wikimedia Commons: ""Blucher Saskatchewan"")"
SK-0412,Rosthern,rosthern-rm,rosthern-rm-saskatoon-region-sk.webp,flag,CC0/Public-Domain,Wikimedia Commons — Public Domain — flag of Saskatchewan (place-neutral fallback),"{SERVICE_CATEGORY} in Rosthern, Saskatchewan — Rosthern, Saskatoon Region, Saskatchewan — rural municipality of 2,473, beside Boot Lake","Replace with a license-verified photo of Rosthern, SK (search Wikimedia Commons: ""Rosthern Saskatchewan"")"
SK-0038,Langham,langham,langham-saskatoon-region-sk.webp,flag,CC0/Public-Domain,Wikimedia Commons — Public Domain — flag of Saskatchewan (place-neutral fallback),"{SERVICE_CATEGORY} in Langham, Saskatchewan — Langham, Saskatoon Region, Saskatchewan — town of 1,518, 31 km from Saskatoon","Replace with a license-verified photo of Langham, SK (search Wikimedia Commons: ""Langham Saskatchewan"")"
SK-0041,Osler,osler,osler-saskatoon-region-sk.webp,flag,CC0/Public-Domain,Wikimedia Commons — Public Domain — flag of Saskatchewan (place-neutral fallback),"{SERVICE_CATEGORY} in Osler, Saskatchewan — Osler, Saskatoon Region, Saskatchewan — town of 1,251, 27 km from Saskatoon","Replace with a license-verified photo of Osler, SK (search Wikimedia Commons: ""Osler Saskatchewan"")"
SK-0479,Aberdeen,aberdeen-rm,aberdeen-rm-saskatoon-region-sk.webp,flag,CC0/Public-Domain,Wikimedia Commons — Public Domain — flag of Saskatchewan (place-neutral fallback),"{SERVICE_CATEGORY} in Aberdeen, Saskatchewan — Aberdeen, Saskatoon Region, Saskatchewan — rural municipality of 1,461, farmland 42 km from Saskatoon","Replace with a license-verified photo of Aberdeen, SK (search Wikimedia Commons: ""Aberdeen Saskatchewan"")"
SK-0326,Laird,laird-rm,laird-rm-saskatoon-region-sk.webp,flag,CC0/Public-Domain,Wikimedia Commons — Public Domain — flag of Saskatchewan (place-neutral fallback),"{SERVICE_CATEGORY} in Laird, Saskatchewan — Laird, Saskatoon Region, Saskatchewan — rural municipality of 1,304, farmland 51 km from Saskatoon","Replace with a license-verified photo of Laird, SK (search Wikimedia Commons: ""Laird Saskatchewan"")"
SK-0046,Waldheim,waldheim,waldheim-saskatoon-region-sk.webp,flag,CC0/Public-Domain,Wikimedia Commons — Public Domain — flag of Saskatchewan (place-neutral fallback),"{SERVICE_CATEGORY} in Waldheim, Saskatchewan — Waldheim, Saskatoon Region, Saskatchewan — town of 1,237, 54 km from Saskatoon","Replace with a license-verified photo of Waldheim, SK (search Wikimedia Commons: ""Waldheim Saskatchewan"")"
SK-0048,Delisle,delisle,delisle-saskatoon-region-sk.webp,flag,CC0/Public-Domain,Wikimedia Commons — Public Domain — flag of Saskatchewan (place-neutral fallback),"{SERVICE_CATEGORY} in Delisle, Saskatchewan — Delisle, Saskatoon Region, Saskatchewan — town of 1,024, 39 km from Saskatoon","Replace with a license-verified photo of Delisle, SK (search Wikimedia Commons: ""Delisle Saskatchewan"")"
SK-0064,Hague,hague,hague-saskatoon-region-sk.webp,flag,CC0/Public-Domain,Wikimedia Commons — Public Domain — flag of Saskatchewan (place-neutral fallback),"{SERVICE_CATEGORY} in Hague, Saskatchewan — Hague, Saskatoon Region, Saskatchewan — town of 889, 45 km from Saskatoon","Replace with a license-verified photo of Hague, SK (search Wikimedia Commons: ""Hague Saskatchewan"")"
SK-0079,Aberdeen,aberdeen,aberdeen-saskatoon-region-sk.webp,flag,CC0/Public-Domain,Wikimedia Commons — Public Domain — flag of Saskatchewan (place-neutral fallback),"{SERVICE_CATEGORY} in Aberdeen, Saskatchewan — Aberdeen, Saskatoon Region, Saskatchewan — town of 716, 34 km from Saskatoon","Replace with a license-verified photo of Aberdeen, SK (search Wikimedia Commons: ""Aberdeen Saskatchewan"")"
SK-0078,Hepburn,hepburn,hepburn-saskatoon-region-sk.webp,flag,CC0/Public-Domain,Wikimedia Commons — Public Domain — flag of Saskatchewan (place-neutral fallback),"{SERVICE_CATEGORY} in Hepburn, Saskatchewan — Hepburn, Saskatoon Region, Saskatchewan — town of 784, 43 km from Saskatoon","Replace with a license-verified photo of Hepburn, SK (search Wikimedia Commons: ""Hepburn Saskatchewan"")"
SK-0081,Dundurn,dundurn,dundurn-saskatoon-region-sk.webp,flag,CC0/Public-Domain,Wikimedia Commons — Public Domain — flag of Saskatchewan (place-neutral fallback),"{SERVICE_CATEGORY} in Dundurn, Saskatchewan — Dundurn, Saskatoon Region, Saskatchewan — town of 675, beside Swamp Lake","Replace with a license-verified photo of Dundurn, SK (search Wikimedia Commons: ""Dundurn Saskatchewan"")"
SK-0497,Asquith,asquith,asquith-saskatoon-region-sk.webp,flag,CC0/Public-Domain,Wikimedia Commons — Public Domain — flag of Saskatchewan (place-neutral fallback),"{SERVICE_CATEGORY} in Asquith, Saskatchewan — Asquith, Saskatoon Region, Saskatchewan — town of 624, 37 km from Saskatoon","Replace with a license-verified photo of Asquith, SK (search Wikimedia Commons: ""Asquith Saskatchewan"")"
SK-0082,Allan,allan,allan-saskatoon-region-sk.webp,flag,CC0/Public-Domain,Wikimedia Commons — Public Domain — flag of Saskatchewan (place-neutral fallback),"{SERVICE_CATEGORY} in Allan, Saskatchewan — Allan, Saskatoon Region, Saskatchewan — town of 625, 51 km from Saskatoon","Replace with a license-verified photo of Allan, SK (search Wikimedia Commons: ""Allan Saskatchewan"")"
SK-0098,Hanley,hanley,hanley-saskatoon-region-sk.webp,flag,CC0/Public-Domain,Wikimedia Commons — Public Domain — flag of Saskatchewan (place-neutral fallback),"{SERVICE_CATEGORY} in Hanley, Saskatchewan — Hanley, Saskatoon Region, Saskatchewan — town of 540, 59 km from Saskatoon","Replace with a license-verified photo of Hanley, SK (search Wikimedia Commons: ""Hanley Saskatchewan"")"
SK-0239,Vonda,vonda,vonda-saskatoon-region-sk.webp,flag,CC0/Public-Domain,Wikimedia Commons — Public Domain — flag of Saskatchewan (place-neutral fallback),"{SERVICE_CATEGORY} in Vonda, Saskatchewan — Vonda, Saskatoon Region, Saskatchewan — town of 384, beside Vonda Lake","Replace with a license-verified photo of Vonda, SK (search Wikimedia Commons: ""Vonda Saskatchewan"")"
SK-0124,Colonsay,colonsay,colonsay-saskatoon-region-sk.webp,flag,CC0/Public-Domain,Wikimedia Commons — Public Domain — flag of Saskatchewan (place-neutral fallback),"{SERVICE_CATEGORY} in Colonsay, Saskatchewan — Colonsay, Saskatoon Region, Saskatchewan — town of 446, 59 km from Saskatoon","Replace with a license-verified photo of Colonsay, SK (search Wikimedia Commons: ""Colonsay Saskatchewan"")"
SK-0153,Radisson,radisson,radisson-saskatoon-region-sk.webp,flag,CC0/Public-Domain,Wikimedia Commons — Public Domain — flag of Saskatchewan (place-neutral fallback),"{SERVICE_CATEGORY} in Radisson, Saskatchewan — Radisson, Saskatoon Region, Saskatchewan — town of 466, beside Radisson Lake","Replace with a license-verified photo of Radisson, SK (search Wikimedia Commons: ""Radisson Saskatchewan"")"
SK-0502,Vanscoy,vanscoy,vanscoy-saskatoon-region-sk.webp,flag,CC0/Public-Domain,Wikimedia Commons — Public Domain — flag of Saskatchewan (place-neutral fallback),"{SERVICE_CATEGORY} in Vanscoy, Saskatchewan — Vanscoy, Saskatoon Region, Saskatchewan — village of 477, 25 km from Saskatoon","Replace with a license-verified photo of Vanscoy, SK (search Wikimedia Commons: ""Vanscoy Saskatchewan"")"
SK-0087,Clavet,clavet,clavet-saskatoon-region-sk.webp,flag,CC0/Public-Domain,Wikimedia Commons — Public Domain — flag of Saskatchewan (place-neutral fallback),"{SERVICE_CATEGORY} in Clavet, Saskatchewan — Clavet, Saskatoon Region, Saskatchewan — village of 450, 26 km from Saskatoon","Replace with a license-verified photo of Clavet, SK (search Wikimedia Commons: ""Clavet Saskatchewan"")"
SK-0001,Regina,regina,regina-regina-region-sk.webp,flag,CC0/Public-Domain,Wikimedia Commons — Public Domain — flag of Saskatchewan (place-neutral fallback),"{SERVICE_CATEGORY} in Regina, Saskatchewan — Regina, Regina Region, Saskatchewan — city of 226,404, beside Wascana Lake","Replace with a license-verified photo of Regina, SK (search Wikimedia Commons: ""Regina Saskatchewan"")"
SK-0015,White City,white-city,white-city-regina-region-sk.webp,flag,CC0/Public-Domain,Wikimedia Commons — Public Domain — flag of Saskatchewan (place-neutral fallback),"{SERVICE_CATEGORY} in White City, Saskatchewan — White City, Regina Region, Saskatchewan — town of 3,821, 18 km from Regina","Replace with a license-verified photo of White City, SK (search Wikimedia Commons: ""White City Saskatchewan"")"
SK-0103,Edenwold,edenwold-rm,edenwold-rm-regina-region-sk.webp,flag,CC0/Public-Domain,Wikimedia Commons — Public Domain — flag of Saskatchewan (place-neutral fallback),"{SERVICE_CATEGORY} in Edenwold, Saskatchewan — Edenwold, Regina Region, Saskatchewan — rural municipality of 4,466, farmland 28 km from Regina","Replace with a license-verified photo of Edenwold, SK (search Wikimedia Commons: ""Edenwold Saskatchewan"")"
SK-0017,Pilot Butte,pilot-butte,pilot-butte-regina-region-sk.webp,flag,CC0/Public-Domain,Wikimedia Commons — Public Domain — flag of Saskatchewan (place-neutral fallback),"{SERVICE_CATEGORY} in Pilot Butte, Saskatchewan — Pilot Butte, Regina Region, Saskatchewan — town of 2,638, 14 km from Regina","Replace with a license-verified photo of Pilot Butte, SK (search Wikimedia Commons: ""Pilot Butte Saskatchewan"")"
SK-0028,Lumsden,lumsden,lumsden-regina-region-sk.webp,flag,CC0/Public-Domain,Wikimedia Commons — Public Domain — flag of Saskatchewan (place-neutral fallback),"{SERVICE_CATEGORY} in Lumsden, Saskatchewan — Lumsden, Regina Region, Saskatchewan — town of 1,800, on the Boggy Creek","Replace with a license-verified photo of Lumsden, SK (search Wikimedia Commons: ""Lumsden Saskatchewan"")"
SK-0030,Balgonie,balgonie,balgonie-regina-region-sk.webp,flag,CC0/Public-Domain,Wikimedia Commons — Public Domain — flag of Saskatchewan (place-neutral fallback),"{SERVICE_CATEGORY} in Balgonie, Saskatchewan — Balgonie, Regina Region, Saskatchewan — town of 1,756, 25 km from Regina","Replace with a license-verified photo of Balgonie, SK (search Wikimedia Commons: ""Balgonie Saskatchewan"")"
SK-0171,Sherwood,sherwood,sherwood-regina-region-sk.webp,flag,CC0/Public-Domain,Wikimedia Commons — Public Domain — flag of Saskatchewan (place-neutral fallback),"{SERVICE_CATEGORY} in Sherwood, Saskatchewan — Sherwood, Regina Region, Saskatchewan — rural municipality of 1,219, farmland 2 km from Regina","Replace with a license-verified photo of Sherwood, SK (search Wikimedia Commons: ""Sherwood Saskatchewan"")"
SK-0169,Lumsden,lumsden-rm,lumsden-rm-regina-region-sk.webp,flag,CC0/Public-Domain,Wikimedia Commons — Public Domain — flag of Saskatchewan (place-neutral fallback),"{SERVICE_CATEGORY} in Lumsden, Saskatchewan — Lumsden, Regina Region, Saskatchewan — rural municipality of 1,968, on the Last Mountain Creek","Replace with a license-verified photo of Lumsden, SK (search Wikimedia Commons: ""Lumsden Saskatchewan"")"
SK-0018,Regina Beach,regina-beach,regina-beach-regina-region-sk.webp,flag,CC0/Public-Domain,Wikimedia Commons — Public Domain — flag of Saskatchewan (place-neutral fallback),"{SERVICE_CATEGORY} in Regina Beach, Saskatchewan — Regina Beach, Regina Region, Saskatchewan — town of 1,292, 45 km from Regina","Replace with a license-verified photo of Regina Beach, SK (search Wikimedia Commons: ""Regina Beach Saskatchewan"")"
SK-0417,South Qu'Appelle,south-quappelle,south-quappelle-regina-region-sk.webp,flag,CC0/Public-Domain,Wikimedia Commons — Public Domain — flag of Saskatchewan (place-neutral fallback),"{SERVICE_CATEGORY} in South Qu'Appelle, Saskatchewan — South Qu'Appelle, Regina Region, Saskatchewan — rural municipality of 1,231, farmland 44 km from Regina","Replace with a license-verified photo of South Qu'Appelle, SK (search Wikimedia Commons: ""South Qu'Appelle Saskatchewan"")"
SK-0224,Longlaketon,longlaketon,longlaketon-regina-region-sk.webp,flag,CC0/Public-Domain,Wikimedia Commons — Public Domain — flag of Saskatchewan (place-neutral fallback),"{SERVICE_CATEGORY} in Longlaketon, Saskatchewan — Longlaketon, Regina Region, Saskatchewan — rural municipality of 1,096, farmland 37 km from Regina","Replace with a license-verified photo of Longlaketon, SK (search Wikimedia Commons: ""Longlaketon Saskatchewan"")"
SK-0111,Southey,southey,southey-regina-region-sk.webp,flag,CC0/Public-Domain,Wikimedia Commons — Public Domain — flag of Saskatchewan (place-neutral fallback),"{SERVICE_CATEGORY} in Southey, Saskatchewan — Southey, Regina Region, Saskatchewan — town of 832, 55 km from Regina","Replace with a license-verified photo of Southey, SK (search Wikimedia Commons: ""Southey Saskatchewan"")"
SK-0080,Milestone,milestone,milestone-regina-region-sk.webp,flag,CC0/Public-Domain,Wikimedia Commons — Public Domain — flag of Saskatchewan (place-neutral fallback),"{SERVICE_CATEGORY} in Milestone, Saskatchewan — Milestone, Regina Region, Saskatchewan — town of 682, 52 km from Regina","Replace with a license-verified photo of Milestone, SK (search Wikimedia Commons: ""Milestone Saskatchewan"")"
SK-0499,Rouleau,rouleau,rouleau-regina-region-sk.webp,flag,CC0/Public-Domain,Wikimedia Commons — Public Domain — flag of Saskatchewan (place-neutral fallback),"{SERVICE_CATEGORY} in Rouleau, Saskatchewan — Rouleau, Regina Region, Saskatchewan — town of 505, on the Avonlea Creek","Replace with a license-verified photo of Rouleau, SK (search Wikimedia Commons: ""Rouleau Saskatchewan"")"
SK-0230,Qu'Appelle,quappelle,quappelle-regina-region-sk.webp,flag,CC0/Public-Domain,Wikimedia Commons — Public Domain — flag of Saskatchewan (place-neutral fallback),"{SERVICE_CATEGORY} in Qu'Appelle, Saskatchewan — Qu'Appelle, Regina Region, Saskatchewan — town of 625, on the Springbrook Creek","Replace with a license-verified photo of Qu'Appelle, SK (search Wikimedia Commons: ""Qu'Appelle Saskatchewan"")"
SK-0151,Buena Vista,buena-vista,buena-vista-regina-region-sk.webp,flag,CC0/Public-Domain,Wikimedia Commons — Public Domain — flag of Saskatchewan (place-neutral fallback),"{SERVICE_CATEGORY} in Buena Vista, Saskatchewan — Buena Vista, Regina Region, Saskatchewan — village of 646, 44 km from Regina","Replace with a license-verified photo of Buena Vista, SK (search Wikimedia Commons: ""Buena Vista Saskatchewan"")"
SK-0152,Bethune,bethune,bethune-regina-region-sk.webp,flag,CC0/Public-Domain,Wikimedia Commons — Public Domain — flag of Saskatchewan (place-neutral fallback),"{SERVICE_CATEGORY} in Bethune, Saskatchewan — Bethune, Regina Region, Saskatchewan — village of 560, 51 km from Regina","Replace with a license-verified photo of Bethune, SK (search Wikimedia Commons: ""Bethune Saskatchewan"")"
SK-0003,Moose Jaw,moose-jaw,moose-jaw-southern-saskatchewan-sk.webp,flag,CC0/Public-Domain,Wikimedia Commons — Public Domain — flag of Saskatchewan (place-neutral fallback),"{SERVICE_CATEGORY} in Moose Jaw, Saskatchewan — Moose Jaw, Southern Saskatchewan, Saskatchewan — city of 33,665, 67 km from Regina","Replace with a license-verified photo of Moose Jaw, SK (search Wikimedia Commons: ""Moose Jaw Saskatchewan"")"
SK-0109,Moose Jaw,moose-jaw-rm,moose-jaw-rm-southern-saskatchewan-sk.webp,flag,CC0/Public-Domain,Wikimedia Commons — Public Domain — flag of Saskatchewan (place-neutral fallback),"{SERVICE_CATEGORY} in Moose Jaw, Saskatchewan — Moose Jaw, Southern Saskatchewan, Saskatchewan — rural municipality of 1,207, farmland 64 km from Regina","Replace with a license-verified photo of Moose Jaw, SK (search Wikimedia Commons: ""Moose Jaw Saskatchewan"")"
SK-0053,Assiniboia,assiniboia,assiniboia-southern-saskatchewan-sk.webp,flag,CC0/Public-Domain,Wikimedia Commons — Public Domain — flag of Saskatchewan (place-neutral fallback),"{SERVICE_CATEGORY} in Assiniboia, Saskatchewan — Assiniboia, Southern Saskatchewan, Saskatchewan — town of 2,333, 135 km from Regina","Replace with a license-verified photo of Assiniboia, SK (search Wikimedia Commons: ""Assiniboia Saskatchewan"")"
SK-0062,Caronport,caronport,caronport-southern-saskatchewan-sk.webp,flag,CC0/Public-Domain,Wikimedia Commons — Public Domain — flag of Saskatchewan (place-neutral fallback),"{SERVICE_CATEGORY} in Caronport, Saskatchewan — Caronport, Southern Saskatchewan, Saskatchewan — village of 1,033, on the Wilson Creek","Replace with a license-verified photo of Caronport, SK (search Wikimedia Commons: ""Caronport Saskatchewan"")"
SK-0004,Prince Albert,prince-albert,prince-albert-central-saskatchewan-sk.webp,flag,CC0/Public-Domain,Wikimedia Commons — Public Domain — flag of Saskatchewan (place-neutral fallback),"{SERVICE_CATEGORY} in Prince Albert, Saskatchewan — Prince Albert, Central Saskatchewan, Saskatchewan — city of 37,756, 133 km from Saskatoon","Replace with a license-verified photo of Prince Albert, SK (search Wikimedia Commons: ""Prince Albert Saskatchewan"")"
SK-0012,Humboldt,humboldt,humboldt-central-saskatchewan-sk.webp,flag,CC0/Public-Domain,Wikimedia Commons — Public Domain — flag of Saskatchewan (place-neutral fallback),"{SERVICE_CATEGORY} in Humboldt, Saskatchewan — Humboldt, Central Saskatchewan, Saskatchewan — city of 6,033, 107 km from Saskatoon","Replace with a license-verified photo of Humboldt, SK (search Wikimedia Commons: ""Humboldt Saskatchewan"")"
SK-0016,Melfort,melfort,melfort-central-saskatchewan-sk.webp,flag,CC0/Public-Domain,Wikimedia Commons — Public Domain — flag of Saskatchewan (place-neutral fallback),"{SERVICE_CATEGORY} in Melfort, Saskatchewan — Melfort, Central Saskatchewan, Saskatchewan — city of 5,955, beside Mansell Lake","Replace with a license-verified photo of Melfort, SK (search Wikimedia Commons: ""Melfort Saskatchewan"")"
SK-0045,Rosthern,rosthern,rosthern-central-saskatchewan-sk.webp,flag,CC0/Public-Domain,Wikimedia Commons — Public Domain — flag of Saskatchewan (place-neutral fallback),"{SERVICE_CATEGORY} in Rosthern, Saskatchewan — Rosthern, Central Saskatchewan, Saskatchewan — town of 1,602, 63 km from Saskatoon","Replace with a license-verified photo of Rosthern, SK (search Wikimedia Commons: ""Rosthern Saskatchewan"")"
SK-0104,Prince Albert,prince-albert-rm,prince-albert-rm-central-saskatchewan-sk.webp,flag,CC0/Public-Domain,Wikimedia Commons — Public Domain — flag of Saskatchewan (place-neutral fallback),"{SERVICE_CATEGORY} in Prince Albert, Saskatchewan — Prince Albert, Central Saskatchewan, Saskatchewan — rural municipality of 3,438, farmland 134 km from Saskatoon","Replace with a license-verified photo of Prince Albert, SK (search Wikimedia Commons: ""Prince Albert Saskatchewan"")"
SK-0054,Watrous,watrous,watrous-central-saskatchewan-sk.webp,flag,CC0/Public-Domain,Wikimedia Commons — Public Domain — flag of Saskatchewan (place-neutral fallback),"{SERVICE_CATEGORY} in Watrous, Saskatchewan — Watrous, Central Saskatchewan, Saskatchewan — town of 1,842, 98 km from Saskatoon","Replace with a license-verified photo of Watrous, SK (search Wikimedia Commons: ""Watrous Saskatchewan"")"
SK-0200,Buckland,buckland,buckland-central-saskatchewan-sk.webp,flag,CC0/Public-Domain,Wikimedia Commons — Public Domain — flag of Saskatchewan (place-neutral fallback),"{SERVICE_CATEGORY} in Buckland, Saskatchewan — Buckland, Central Saskatchewan, Saskatchewan — rural municipality of 3,277, farmland 141 km from Saskatoon","Replace with a license-verified photo of Buckland, SK (search Wikimedia Commons: ""Buckland Saskatchewan"")"
SK-0480,St. Louis,st-louis-rm,st-louis-rm-central-saskatchewan-sk.webp,flag,CC0/Public-Domain,Wikimedia Commons — Public Domain — flag of Saskatchewan (place-neutral fallback),"{SERVICE_CATEGORY} in St. Louis, Saskatchewan — St. Louis, Central Saskatchewan, Saskatchewan — rural municipality of 1,029, beside Lac de Jonc","Replace with a license-verified photo of St. Louis, SK (search Wikimedia Commons: ""St. Louis Saskatchewan"")"
SK-0543,Duck Lake,duck-lake-rm,duck-lake-rm-central-saskatchewan-sk.webp,flag,CC0/Public-Domain,Wikimedia Commons — Public Domain — flag of Saskatchewan (place-neutral fallback),"{SERVICE_CATEGORY} in Duck Lake, Saskatchewan — Duck Lake, Central Saskatchewan, Saskatchewan — rural municipality of 1,010, beside Okemasis Lake","Replace with a license-verified photo of Duck Lake, SK (search Wikimedia Commons: ""Duck Lake Saskatchewan"")"
SK-0058,Shellbrook,shellbrook,shellbrook-central-saskatchewan-sk.webp,flag,CC0/Public-Domain,Wikimedia Commons — Public Domain — flag of Saskatchewan (place-neutral fallback),"{SERVICE_CATEGORY} in Shellbrook, Saskatchewan — Shellbrook, Central Saskatchewan, Saskatchewan — town of 1,510, 122 km from Saskatoon","Replace with a license-verified photo of Shellbrook, SK (search Wikimedia Commons: ""Shellbrook Saskatchewan"")"
SK-0059,Lanigan,lanigan,lanigan-central-saskatchewan-sk.webp,flag,CC0/Public-Domain,Wikimedia Commons — Public Domain — flag of Saskatchewan (place-neutral fallback),"{SERVICE_CATEGORY} in Lanigan, Saskatchewan — Lanigan, Central Saskatchewan, Saskatchewan — town of 1,433, 118 km from Saskatoon","Replace with a license-verified photo of Lanigan, SK (search Wikimedia Commons: ""Lanigan Saskatchewan"")"
SK-0074,Davidson,davidson,davidson-central-saskatchewan-sk.webp,flag,CC0/Public-Domain,Wikimedia Commons — Public Domain — flag of Saskatchewan (place-neutral fallback),"{SERVICE_CATEGORY} in Davidson, Saskatchewan — Davidson, Central Saskatchewan, Saskatchewan — town of 1,044, 109 km from Saskatoon","Replace with a license-verified photo of Davidson, SK (search Wikimedia Commons: ""Davidson Saskatchewan"")"
SK-0478,Shellbrook,shellbrook-rm,shellbrook-rm-central-saskatchewan-sk.webp,flag,CC0/Public-Domain,Wikimedia Commons — Public Domain — flag of Saskatchewan (place-neutral fallback),"{SERVICE_CATEGORY} in Shellbrook, Saskatchewan — Shellbrook, Central Saskatchewan, Saskatchewan — rural municipality of 1,581, farmland 139 km from Saskatoon","Replace with a license-verified photo of Shellbrook, SK (search Wikimedia Commons: ""Shellbrook Saskatchewan"")"
SK-0069,Wynyard,wynyard,wynyard-central-saskatchewan-sk.webp,flag,CC0/Public-Domain,Wikimedia Commons — Public Domain — flag of Saskatchewan (place-neutral fallback),"{SERVICE_CATEGORY} in Wynyard, Saskatchewan — Wynyard, Central Saskatchewan, Saskatchewan — town of 1,724, on the Wynyard Creek","Replace with a license-verified photo of Wynyard, SK (search Wikimedia Commons: ""Wynyard Saskatchewan"")"
SK-0055,Tisdale,tisdale,tisdale-central-saskatchewan-sk.webp,flag,CC0/Public-Domain,Wikimedia Commons — Public Domain — flag of Saskatchewan (place-neutral fallback),"{SERVICE_CATEGORY} in Tisdale, Saskatchewan — Tisdale, Central Saskatchewan, Saskatchewan — town of 2,962, on the Presbyterian River","Replace with a license-verified photo of Tisdale, SK (search Wikimedia Commons: ""Tisdale Saskatchewan"")"
SK-0065,Nipawin,nipawin,nipawin-central-saskatchewan-sk.webp,flag,CC0/Public-Domain,Wikimedia Commons — Public Domain — flag of Saskatchewan (place-neutral fallback),"{SERVICE_CATEGORY} in Nipawin, Saskatchewan — Nipawin, Central Saskatchewan, Saskatchewan — town of 4,570, 225 km from Saskatoon","Replace with a license-verified photo of Nipawin, SK (search Wikimedia Commons: ""Nipawin Saskatchewan"")"
SK-0072,Birch Hills,birch-hills,birch-hills-central-saskatchewan-sk.webp,flag,CC0/Public-Domain,Wikimedia Commons — Public Domain — flag of Saskatchewan (place-neutral fallback),"{SERVICE_CATEGORY} in Birch Hills, Saskatchewan — Birch Hills, Central Saskatchewan, Saskatchewan — town of 1,066, on the Cromarty Creek","Replace with a license-verified photo of Birch Hills, SK (search Wikimedia Commons: ""Birch Hills Saskatchewan"")"
SK-0325,Canwood,canwood-rm,canwood-rm-central-saskatchewan-sk.webp,flag,CC0/Public-Domain,Wikimedia Commons — Public Domain — flag of Saskatchewan (place-neutral fallback),"{SERVICE_CATEGORY} in Canwood, Saskatchewan — Canwood, Central Saskatchewan, Saskatchewan — rural municipality of 1,351, farmland 147 km from Saskatoon","Replace with a license-verified photo of Canwood, SK (search Wikimedia Commons: ""Canwood Saskatchewan"")"
SK-0095,Wakaw,wakaw,wakaw-central-saskatchewan-sk.webp,flag,CC0/Public-Domain,Wikimedia Commons — Public Domain — flag of Saskatchewan (place-neutral fallback),"{SERVICE_CATEGORY} in Wakaw, Saskatchewan — Wakaw, Central Saskatchewan, Saskatchewan — town of 978, beside Isinger Lake","Replace with a license-verified photo of Wakaw, SK (search Wikimedia Commons: ""Wakaw Saskatchewan"")"
SK-0096,Strasbourg,strasbourg,strasbourg-central-saskatchewan-sk.webp,flag,CC0/Public-Domain,Wikimedia Commons — Public Domain — flag of Saskatchewan (place-neutral fallback),"{SERVICE_CATEGORY} in Strasbourg, Saskatchewan — Strasbourg, Central Saskatchewan, Saskatchewan — town of 788, 73 km from Regina","Replace with a license-verified photo of Strasbourg, SK (search Wikimedia Commons: ""Strasbourg Saskatchewan"")"
SK-0097,Cudworth,cudworth,cudworth-central-saskatchewan-sk.webp,flag,CC0/Public-Domain,Wikimedia Commons — Public Domain — flag of Saskatchewan (place-neutral fallback),"{SERVICE_CATEGORY} in Cudworth, Saskatchewan — Cudworth, Central Saskatchewan, Saskatchewan — town of 772, beside Arn Lake","Replace with a license-verified photo of Cudworth, SK (search Wikimedia Commons: ""Cudworth Saskatchewan"")"
SK-0108,Wadena,wadena,wadena-central-saskatchewan-sk.webp,flag,CC0/Public-Domain,Wikimedia Commons — Public Domain — flag of Saskatchewan (place-neutral fallback),"{SERVICE_CATEGORY} in Wadena, Saskatchewan — Wadena, Central Saskatchewan, Saskatchewan — town of 1,269, 175 km from Regina","Replace with a license-verified photo of Wadena, SK (search Wikimedia Commons: ""Wadena Saskatchewan"")"
SK-0118,Bruno,bruno,bruno-central-saskatchewan-sk.webp,flag,CC0/Public-Domain,Wikimedia Commons — Public Domain — flag of Saskatchewan (place-neutral fallback),"{SERVICE_CATEGORY} in Bruno, Saskatchewan — Bruno, Central Saskatchewan, Saskatchewan — town of 604, 80 km from Saskatoon","Replace with a license-verified photo of Bruno, SK (search Wikimedia Commons: ""Bruno Saskatchewan"")"
SK-0119,Duck Lake,duck-lake,duck-lake-central-saskatchewan-sk.webp,flag,CC0/Public-Domain,Wikimedia Commons — Public Domain — flag of Saskatchewan (place-neutral fallback),"{SERVICE_CATEGORY} in Duck Lake, Saskatchewan — Duck Lake, Central Saskatchewan, Saskatchewan — town of 579, beside Duck Lake","Replace with a license-verified photo of Duck Lake, SK (search Wikimedia Commons: ""Duck Lake Saskatchewan"")"
SK-0562,Blaine Lake,blaine-lake,blaine-lake-central-saskatchewan-sk.webp,flag,CC0/Public-Domain,Wikimedia Commons — Public Domain — flag of Saskatchewan (place-neutral fallback),"{SERVICE_CATEGORY} in Blaine Lake, Saskatchewan — Blaine Lake, Central Saskatchewan, Saskatchewan — town of 509, beside Gillies Lake","Replace with a license-verified photo of Blaine Lake, SK (search Wikimedia Commons: ""Blaine Lake Saskatchewan"")"
SK-0329,Paddockwood,paddockwood-rm,paddockwood-rm-central-saskatchewan-sk.webp,flag,CC0/Public-Domain,Wikimedia Commons — Public Domain — flag of Saskatchewan (place-neutral fallback),"{SERVICE_CATEGORY} in Paddockwood, Saskatchewan — Paddockwood, Central Saskatchewan, Saskatchewan — rural municipality of 1,071, farmland 196 km from Saskatoon","Replace with a license-verified photo of Paddockwood, SK (search Wikimedia Commons: ""Paddockwood Saskatchewan"")"
SK-0327,Torch River,torch-river,torch-river-central-saskatchewan-sk.webp,flag,CC0/Public-Domain,Wikimedia Commons — Public Domain — flag of Saskatchewan (place-neutral fallback),"{SERVICE_CATEGORY} in Torch River, Saskatchewan — Torch River, Central Saskatchewan, Saskatchewan — rural municipality of 1,219, beside Gertrude Lake","Replace with a license-verified photo of Torch River, SK (search Wikimedia Commons: ""Torch River Saskatchewan"")"
SK-0121,Raymore,raymore,raymore-central-saskatchewan-sk.webp,flag,CC0/Public-Domain,Wikimedia Commons — Public Domain — flag of Saskatchewan (place-neutral fallback),"{SERVICE_CATEGORY} in Raymore, Saskatchewan — Raymore, Central Saskatchewan, Saskatchewan — town of 507, 106 km from Regina","Replace with a license-verified photo of Raymore, SK (search Wikimedia Commons: ""Raymore Saskatchewan"")"
SK-0115,St. Brieux,st-brieux,st-brieux-central-saskatchewan-sk.webp,flag,CC0/Public-Domain,Wikimedia Commons — Public Domain — flag of Saskatchewan (place-neutral fallback),"{SERVICE_CATEGORY} in St. Brieux, Saskatchewan — St. Brieux, Central Saskatchewan, Saskatchewan — town of 638, beside Bergot Lake","Replace with a license-verified photo of St. Brieux, SK (search Wikimedia Commons: ""St. Brieux Saskatchewan"")"
SK-0009,Weyburn,weyburn,weyburn-southeast-saskatchewan-sk.webp,flag,CC0/Public-Domain,Wikimedia Commons — Public Domain — flag of Saskatchewan (place-neutral fallback),"{SERVICE_CATEGORY} in Weyburn, Saskatchewan — Weyburn, Southeast Saskatchewan, Saskatchewan — city of 11,019, 103 km from Regina","Replace with a license-verified photo of Weyburn, SK (search Wikimedia Commons: ""Weyburn Saskatchewan"")"
SK-0011,Yorkton,yorkton,yorkton-southeast-saskatchewan-sk.webp,flag,CC0/Public-Domain,Wikimedia Commons — Public Domain — flag of Saskatchewan (place-neutral fallback),"{SERVICE_CATEGORY} in Yorkton, Saskatchewan — Yorkton, Southeast Saskatchewan, Saskatchewan — city of 16,280, 173 km from Regina","Replace with a license-verified photo of Yorkton, SK (search Wikimedia Commons: ""Yorkton Saskatchewan"")"
SK-0014,Estevan,estevan,estevan-southeast-saskatchewan-sk.webp,flag,CC0/Public-Domain,Wikimedia Commons — Public Domain — flag of Saskatchewan (place-neutral fallback),"{SERVICE_CATEGORY} in Estevan, Saskatchewan — Estevan, Southeast Saskatchewan, Saskatchewan — city of 10,851, 187 km from Regina","Replace with a license-verified photo of Estevan, SK (search Wikimedia Commons: ""Estevan Saskatchewan"")"
SK-0032,Melville,melville,melville-southeast-saskatchewan-sk.webp,flag,CC0/Public-Domain,Wikimedia Commons — Public Domain — flag of Saskatchewan (place-neutral fallback),"{SERVICE_CATEGORY} in Melville, Saskatchewan — Melville, Southeast Saskatchewan, Saskatchewan — city of 4,493, 137 km from Regina","Replace with a license-verified photo of Melville, SK (search Wikimedia Commons: ""Melville Saskatchewan"")"
SK-0027,Fort Qu'Appelle,fort-quappelle,fort-quappelle-southeast-saskatchewan-sk.webp,flag,CC0/Public-Domain,Wikimedia Commons — Public Domain — flag of Saskatchewan (place-neutral fallback),"{SERVICE_CATEGORY} in Fort Qu'Appelle, Saskatchewan — Fort Qu'Appelle, Southeast Saskatchewan, Saskatchewan — town of 1,972, beside Mission Lake","Replace with a license-verified photo of Fort Qu'Appelle, SK (search Wikimedia Commons: ""Fort Qu'Appelle Saskatchewan"")"
SK-0044,Indian Head,indian-head,indian-head-southeast-saskatchewan-sk.webp,flag,CC0/Public-Domain,Wikimedia Commons — Public Domain — flag of Saskatchewan (place-neutral fallback),"{SERVICE_CATEGORY} in Indian Head, Saskatchewan — Indian Head, Southeast Saskatchewan, Saskatchewan — town of 1,902, on the Indianhead Creek","Replace with a license-verified photo of Indian Head, SK (search Wikimedia Commons: ""Indian Head Saskatchewan"")"
SK-0222,Weyburn,weyburn-rm,weyburn-rm-southeast-saskatchewan-sk.webp,flag,CC0/Public-Domain,Wikimedia Commons — Public Domain — flag of Saskatchewan (place-neutral fallback),"{SERVICE_CATEGORY} in Weyburn, Saskatchewan — Weyburn, Southeast Saskatchewan, Saskatchewan — rural municipality of 1,103, farmland 105 km from Regina","Replace with a license-verified photo of Weyburn, SK (search Wikimedia Commons: ""Weyburn Saskatchewan"")"
SK-0073,Grenfell,grenfell,grenfell-southeast-saskatchewan-sk.webp,flag,CC0/Public-Domain,Wikimedia Commons — Public Domain — flag of Saskatchewan (place-neutral fallback),"{SERVICE_CATEGORY} in Grenfell, Saskatchewan — Grenfell, Southeast Saskatchewan, Saskatchewan — town of 1,059, beside Brown Hill Reservoir","Replace with a license-verified photo of Grenfell, SK (search Wikimedia Commons: ""Grenfell Saskatchewan"")"
SK-0057,Esterhazy,esterhazy,esterhazy-southeast-saskatchewan-sk.webp,flag,CC0/Public-Domain,Wikimedia Commons — Public Domain — flag of Saskatchewan (place-neutral fallback),"{SERVICE_CATEGORY} in Esterhazy, Saskatchewan — Esterhazy, Southeast Saskatchewan, Saskatchewan — town of 2,345, beside Kaposvar Lake","Replace with a license-verified photo of Esterhazy, SK (search Wikimedia Commons: ""Esterhazy Saskatchewan"")"
SK-0205,Orkney,orkney-rm,orkney-rm-southeast-saskatchewan-sk.webp,flag,CC0/Public-Domain,Wikimedia Commons — Public Domain — flag of Saskatchewan (place-neutral fallback),"{SERVICE_CATEGORY} in Orkney, Saskatchewan — Orkney, Southeast Saskatchewan, Saskatchewan — rural municipality of 1,883, farmland 168 km from Regina","Replace with a license-verified photo of Orkney, SK (search Wikimedia Commons: ""Orkney Saskatchewan"")"
SK-0091,Foam Lake,foam-lake,foam-lake-southeast-saskatchewan-sk.webp,flag,CC0/Public-Domain,Wikimedia Commons — Public Domain — flag of Saskatchewan (place-neutral fallback),"{SERVICE_CATEGORY} in Foam Lake, Saskatchewan — Foam Lake, Southeast Saskatchewan, Saskatchewan — town of 1,183, on the Becvar Brook","Replace with a license-verified photo of Foam Lake, SK (search Wikimedia Commons: ""Foam Lake Saskatchewan"")"
SK-0094,Kipling,kipling,kipling-southeast-saskatchewan-sk.webp,flag,CC0/Public-Domain,Wikimedia Commons — Public Domain — flag of Saskatchewan (place-neutral fallback),"{SERVICE_CATEGORY} in Kipling, Saskatchewan — Kipling, Southeast Saskatchewan, Saskatchewan — town of 1,076, 146 km from Regina","Replace with a license-verified photo of Kipling, SK (search Wikimedia Commons: ""Kipling Saskatchewan"")"
SK-0066,Moosomin,moosomin,moosomin-southeast-saskatchewan-sk.webp,flag,CC0/Public-Domain,Wikimedia Commons — Public Domain — flag of Saskatchewan (place-neutral fallback),"{SERVICE_CATEGORY} in Moosomin, Saskatchewan — Moosomin, Southeast Saskatchewan, Saskatchewan — town of 2,657, 211 km from Regina","Replace with a license-verified photo of Moosomin, SK (search Wikimedia Commons: ""Moosomin Saskatchewan"")"
SK-0089,Canora,canora,canora-southeast-saskatchewan-sk.webp,flag,CC0/Public-Domain,Wikimedia Commons — Public Domain — flag of Saskatchewan (place-neutral fallback),"{SERVICE_CATEGORY} in Canora, Saskatchewan — Canora, Southeast Saskatchewan, Saskatchewan — town of 2,092, 201 km from Regina","Replace with a license-verified photo of Canora, SK (search Wikimedia Commons: ""Canora Saskatchewan"")"
SK-0107,Carlyle,carlyle,carlyle-southeast-saskatchewan-sk.webp,flag,CC0/Public-Domain,Wikimedia Commons — Public Domain — flag of Saskatchewan (place-neutral fallback),"{SERVICE_CATEGORY} in Carlyle, Saskatchewan — Carlyle, Southeast Saskatchewan, Saskatchewan — town of 1,524, on the Swift Creek","Replace with a license-verified photo of Carlyle, SK (search Wikimedia Commons: ""Carlyle Saskatchewan"")"
SK-0335,Cupar,cupar,cupar-southeast-saskatchewan-sk.webp,flag,CC0/Public-Domain,Wikimedia Commons — Public Domain — flag of Saskatchewan (place-neutral fallback),"{SERVICE_CATEGORY} in Cupar, Saskatchewan — Cupar, Southeast Saskatchewan, Saskatchewan — town of 598, 61 km from Regina","Replace with a license-verified photo of Cupar, SK (search Wikimedia Commons: ""Cupar Saskatchewan"")"
SK-0090,Estevan,estevan-rm,estevan-rm-southeast-saskatchewan-sk.webp,flag,CC0/Public-Domain,Wikimedia Commons — Public Domain — flag of Saskatchewan (place-neutral fallback),"{SERVICE_CATEGORY} in Estevan, Saskatchewan — Estevan, Southeast Saskatchewan, Saskatchewan — rural municipality of 1,279, farmland 188 km from Regina","Replace with a license-verified photo of Estevan, SK (search Wikimedia Commons: ""Estevan Saskatchewan"")"
SK-0110,Wolseley,wolseley,wolseley-southeast-saskatchewan-sk.webp,flag,CC0/Public-Domain,Wikimedia Commons — Public Domain — flag of Saskatchewan (place-neutral fallback),"{SERVICE_CATEGORY} in Wolseley, Saskatchewan — Wolseley, Southeast Saskatchewan, Saskatchewan — town of 852, on the Wolfe Creek","Replace with a license-verified photo of Wolseley, SK (search Wikimedia Commons: ""Wolseley Saskatchewan"")"
SK-0116,Balcarres,balcarres,balcarres-southeast-saskatchewan-sk.webp,flag,CC0/Public-Domain,Wikimedia Commons — Public Domain — flag of Saskatchewan (place-neutral fallback),"{SERVICE_CATEGORY} in Balcarres, Saskatchewan — Balcarres, Southeast Saskatchewan, Saskatchewan — town of 616, 84 km from Regina","Replace with a license-verified photo of Balcarres, SK (search Wikimedia Commons: ""Balcarres Saskatchewan"")"
SK-0138,Kamsack,kamsack,kamsack-southeast-saskatchewan-sk.webp,flag,CC0/Public-Domain,Wikimedia Commons — Public Domain — flag of Saskatchewan (place-neutral fallback),"{SERVICE_CATEGORY} in Kamsack, Saskatchewan — Kamsack, Southeast Saskatchewan, Saskatchewan — town of 1,779, on the Kamsack Creek","Replace with a license-verified photo of Kamsack, SK (search Wikimedia Commons: ""Kamsack Saskatchewan"")"
SK-0112,Radville,radville,radville-southeast-saskatchewan-sk.webp,flag,CC0/Public-Domain,Wikimedia Commons — Public Domain — flag of Saskatchewan (place-neutral fallback),"{SERVICE_CATEGORY} in Radville, Saskatchewan — Radville, Southeast Saskatchewan, Saskatchewan — town of 778, beside Larsen Reservoir","Replace with a license-verified photo of Radville, SK (search Wikimedia Commons: ""Radville Saskatchewan"")"
SK-0218,Langenburg,langenburg,langenburg-southeast-saskatchewan-sk.webp,flag,CC0/Public-Domain,Wikimedia Commons — Public Domain — flag of Saskatchewan (place-neutral fallback),"{SERVICE_CATEGORY} in Langenburg, Saskatchewan — Langenburg, Southeast Saskatchewan, Saskatchewan — town of 1,228, 209 km from Regina","Replace with a license-verified photo of Langenburg, SK (search Wikimedia Commons: ""Langenburg Saskatchewan"")"
SK-0339,Yellow Grass,yellow-grass,yellow-grass-southeast-saskatchewan-sk.webp,flag,CC0/Public-Domain,Wikimedia Commons — Public Domain — flag of Saskatchewan (place-neutral fallback),"{SERVICE_CATEGORY} in Yellow Grass, Saskatchewan — Yellow Grass, Southeast Saskatchewan, Saskatchewan — town of 483, on the Brokenshell Creek","Replace with a license-verified photo of Yellow Grass, SK (search Wikimedia Commons: ""Yellow Grass Saskatchewan"")"
SK-0145,Ituna,ituna,ituna-southeast-saskatchewan-sk.webp,flag,CC0/Public-Domain,Wikimedia Commons — Public Domain — flag of Saskatchewan (place-neutral fallback),"{SERVICE_CATEGORY} in Ituna, Saskatchewan — Ituna, Southeast Saskatchewan, Saskatchewan — town of 726, on the Pheasant Creek","Replace with a license-verified photo of Ituna, SK (search Wikimedia Commons: ""Ituna Saskatchewan"")"
SK-0139,Oxbow,oxbow,oxbow-southeast-saskatchewan-sk.webp,flag,CC0/Public-Domain,Wikimedia Commons — Public Domain — flag of Saskatchewan (place-neutral fallback),"{SERVICE_CATEGORY} in Oxbow, Saskatchewan — Oxbow, Southeast Saskatchewan, Saskatchewan — town of 1,286, on the Shepherd Creek","Replace with a license-verified photo of Oxbow, SK (search Wikimedia Commons: ""Oxbow Saskatchewan"")"
SK-0226,Preeceville,preeceville,preeceville-southeast-saskatchewan-sk.webp,flag,CC0/Public-Domain,Wikimedia Commons — Public Domain — flag of Saskatchewan (place-neutral fallback),"{SERVICE_CATEGORY} in Preeceville, Saskatchewan — Preeceville, Southeast Saskatchewan, Saskatchewan — town of 1,062, beside Annie Laurie Lake","Replace with a license-verified photo of Preeceville, SK (search Wikimedia Commons: ""Preeceville Saskatchewan"")"
SK-0418,Redvers,redvers,redvers-southeast-saskatchewan-sk.webp,flag,CC0/Public-Domain,Wikimedia Commons — Public Domain — flag of Saskatchewan (place-neutral fallback),"{SERVICE_CATEGORY} in Redvers, Saskatchewan — Redvers, Southeast Saskatchewan, Saskatchewan — town of 1,008, 230 km from Regina","Replace with a license-verified photo of Redvers, SK (search Wikimedia Commons: ""Redvers Saskatchewan"")"
SK-0342,Ogema,ogema,ogema-southeast-saskatchewan-sk.webp,flag,CC0/Public-Domain,Wikimedia Commons — Public Domain — flag of Saskatchewan (place-neutral fallback),"{SERVICE_CATEGORY} in Ogema, Saskatchewan — Ogema, Southeast Saskatchewan, Saskatchewan — town of 383, beside Weicker Lake","Replace with a license-verified photo of Ogema, SK (search Wikimedia Commons: ""Ogema Saskatchewan"")"
SK-0008,North Battleford,north-battleford,north-battleford-northwest-saskatchewan-sk.webp,flag,CC0/Public-Domain,Wikimedia Commons — Public Domain — flag of Saskatchewan (place-neutral fallback),"{SERVICE_CATEGORY} in North Battleford, Saskatchewan — North Battleford, Northwest Saskatchewan, Saskatchewan — city of 13,836, on the North Saskatchewan River","Replace with a license-verified photo of North Battleford, SK (search Wikimedia Commons: ""North Battleford Saskatchewan"")"
SK-0019,Lloydminster,lloydminster,lloydminster-northwest-saskatchewan-sk.webp,flag,CC0/Public-Domain,Wikimedia Commons — Public Domain — flag of Saskatchewan (place-neutral fallback),"{SERVICE_CATEGORY} in Lloydminster, Saskatchewan — Lloydminster, Northwest Saskatchewan, Saskatchewan — city of 11,843, beside Neale Lake","Replace with a license-verified photo of Lloydminster, SK (search Wikimedia Commons: ""Lloydminster Saskatchewan"")"
SK-0042,Meadow Lake,meadow-lake,meadow-lake-northwest-saskatchewan-sk.webp,flag,CC0/Public-Domain,Wikimedia Commons — Public Domain — flag of Saskatchewan (place-neutral fallback),"{SERVICE_CATEGORY} in Meadow Lake, Saskatchewan — Meadow Lake, Northwest Saskatchewan, Saskatchewan — city of 5,322, 250 km from Saskatoon","Replace with a license-verified photo of Meadow Lake, SK (search Wikimedia Commons: ""Meadow Lake Saskatchewan"")"
SK-0033,Battleford,battleford,battleford-northwest-saskatchewan-sk.webp,flag,CC0/Public-Domain,Wikimedia Commons — Public Domain — flag of Saskatchewan (place-neutral fallback),"{SERVICE_CATEGORY} in Battleford, Saskatchewan — Battleford, Northwest Saskatchewan, Saskatchewan — town of 4,400, on the North Saskatchewan River","Replace with a license-verified photo of Battleford, SK (search Wikimedia Commons: ""Battleford Saskatchewan"")"
SK-0056,Unity,unity,unity-northwest-saskatchewan-sk.webp,flag,CC0/Public-Domain,Wikimedia Commons — Public Domain — flag of Saskatchewan (place-neutral fallback),"{SERVICE_CATEGORY} in Unity, Saskatchewan — Unity, Northwest Saskatchewan, Saskatchewan — town of 2,496, beside Sink Lakes","Replace with a license-verified photo of Unity, SK (search Wikimedia Commons: ""Unity Saskatchewan"")"
SK-0614,Battle River,battle-river,battle-river-northwest-saskatchewan-sk.webp,flag,CC0/Public-Domain,Wikimedia Commons — Public Domain — flag of Saskatchewan (place-neutral fallback),"{SERVICE_CATEGORY} in Battle River, Saskatchewan — Battle River, Northwest Saskatchewan, Saskatchewan — rural municipality of 1,029, beside Winniford Lake","Replace with a license-verified photo of Battle River, SK (search Wikimedia Commons: ""Battle River Saskatchewan"")"
SK-0071,Wilkie,wilkie,wilkie-northwest-saskatchewan-sk.webp,flag,CC0/Public-Domain,Wikimedia Commons — Public Domain — flag of Saskatchewan (place-neutral fallback),"{SERVICE_CATEGORY} in Wilkie, Saskatchewan — Wilkie, Northwest Saskatchewan, Saskatchewan — town of 1,195, 140 km from Saskatoon","Replace with a license-verified photo of Wilkie, SK (search Wikimedia Commons: ""Wilkie Saskatchewan"")"
SK-0217,Spiritwood,spiritwood-rm,spiritwood-rm-northwest-saskatchewan-sk.webp,flag,CC0/Public-Domain,Wikimedia Commons — Public Domain — flag of Saskatchewan (place-neutral fallback),"{SERVICE_CATEGORY} in Spiritwood, Saskatchewan — Spiritwood, Northwest Saskatchewan, Saskatchewan — rural municipality of 1,245, farmland 163 km from Saskatoon","Replace with a license-verified photo of Spiritwood, SK (search Wikimedia Commons: ""Spiritwood Saskatchewan"")"
SK-0613,Meota,meota-rm,meota-rm-northwest-saskatchewan-sk.webp,flag,CC0/Public-Domain,Wikimedia Commons — Public Domain — flag of Saskatchewan (place-neutral fallback),"{SERVICE_CATEGORY} in Meota, Saskatchewan — Meota, Northwest Saskatchewan, Saskatchewan — rural municipality of 1,110, on the Lehman Creek","Replace with a license-verified photo of Meota, SK (search Wikimedia Commons: ""Meota Saskatchewan"")"
SK-0414,Mervin,mervin-rm,mervin-rm-northwest-saskatchewan-sk.webp,flag,CC0/Public-Domain,Wikimedia Commons — Public Domain — flag of Saskatchewan (place-neutral fallback),"{SERVICE_CATEGORY} in Mervin, Saskatchewan — Mervin, Northwest Saskatchewan, Saskatchewan — rural municipality of 1,711, farmland 209 km from Saskatoon","Replace with a license-verified photo of Mervin, SK (search Wikimedia Commons: ""Mervin Saskatchewan"")"
SK-0476,Meadow Lake,meadow-lake-rm,meadow-lake-rm-northwest-saskatchewan-sk.webp,flag,CC0/Public-Domain,Wikimedia Commons — Public Domain — flag of Saskatchewan (place-neutral fallback),"{SERVICE_CATEGORY} in Meadow Lake, Saskatchewan — Meadow Lake, Northwest Saskatchewan, Saskatchewan — rural municipality of 2,553, farmland 251 km from Saskatoon","Replace with a license-verified photo of Meadow Lake, SK (search Wikimedia Commons: ""Meadow Lake Saskatchewan"")"
SK-0140,Maidstone,maidstone,maidstone-northwest-saskatchewan-sk.webp,flag,CC0/Public-Domain,Wikimedia Commons — Public Domain — flag of Saskatchewan (place-neutral fallback),"{SERVICE_CATEGORY} in Maidstone, Saskatchewan — Maidstone, Northwest Saskatchewan, Saskatchewan — town of 1,209, 205 km from Saskatoon","Replace with a license-verified photo of Maidstone, SK (search Wikimedia Commons: ""Maidstone Saskatchewan"")"
SK-0100,Hafford,hafford,hafford-northwest-saskatchewan-sk.webp,flag,CC0/Public-Domain,Wikimedia Commons — Public Domain — flag of Saskatchewan (place-neutral fallback),"{SERVICE_CATEGORY} in Hafford, Saskatchewan — Hafford, Northwest Saskatchewan, Saskatchewan — town of 414, beside Meadow Lake","Replace with a license-verified photo of Hafford, SK (search Wikimedia Commons: ""Hafford Saskatchewan"")"
SK-0168,Britannia,britannia,britannia-northwest-saskatchewan-sk.webp,flag,CC0/Public-Domain,Wikimedia Commons — Public Domain — flag of Saskatchewan (place-neutral fallback),"{SERVICE_CATEGORY} in Britannia, Saskatchewan — Britannia, Northwest Saskatchewan, Saskatchewan — rural municipality of 2,061, farmland 253 km from Saskatoon","Replace with a license-verified photo of Britannia, SK (search Wikimedia Commons: ""Britannia Saskatchewan"")"
SK-0170,Macklin,macklin,macklin-northwest-saskatchewan-sk.webp,flag,CC0/Public-Domain,Wikimedia Commons — Public Domain — flag of Saskatchewan (place-neutral fallback),"{SERVICE_CATEGORY} in Macklin, Saskatchewan — Macklin, Northwest Saskatchewan, Saskatchewan — town of 1,247, beside Macklin Lake","Replace with a license-verified photo of Macklin, SK (search Wikimedia Commons: ""Macklin Saskatchewan"")"
SK-0210,Wilton,wilton,wilton-northwest-saskatchewan-sk.webp,flag,CC0/Public-Domain,Wikimedia Commons — Public Domain — flag of Saskatchewan (place-neutral fallback),"{SERVICE_CATEGORY} in Wilton, Saskatchewan — Wilton, Northwest Saskatchewan, Saskatchewan — rural municipality of 1,473, farmland 234 km from Saskatoon","Replace with a license-verified photo of Wilton, SK (search Wikimedia Commons: ""Wilton Saskatchewan"")"
SK-0142,Spiritwood,spiritwood,spiritwood-northwest-saskatchewan-sk.webp,flag,CC0/Public-Domain,Wikimedia Commons — Public Domain — flag of Saskatchewan (place-neutral fallback),"{SERVICE_CATEGORY} in Spiritwood, Saskatchewan — Spiritwood, Northwest Saskatchewan, Saskatchewan — town of 966, 147 km from Saskatoon","Replace with a license-verified photo of Spiritwood, SK (search Wikimedia Commons: ""Spiritwood Saskatchewan"")"
SK-0010,Swift Current,swift-current,swift-current-southwest-saskatchewan-sk.webp,flag,CC0/Public-Domain,Wikimedia Commons — Public Domain — flag of Saskatchewan (place-neutral fallback),"{SERVICE_CATEGORY} in Swift Current, Saskatchewan — Swift Current, Southwest Saskatchewan, Saskatchewan — city of 16,750, 220 km from Saskatoon","Replace with a license-verified photo of Swift Current, SK (search Wikimedia Commons: ""Swift Current Saskatchewan"")"
SK-0106,Swift Current,swift-current-rm,swift-current-rm-southwest-saskatchewan-sk.webp,flag,CC0/Public-Domain,Wikimedia Commons — Public Domain — flag of Saskatchewan (place-neutral fallback),"{SERVICE_CATEGORY} in Swift Current, Saskatchewan — Swift Current, Southwest Saskatchewan, Saskatchewan — rural municipality of 1,995, farmland 224 km from Saskatoon","Replace with a license-verified photo of Swift Current, SK (search Wikimedia Commons: ""Swift Current Saskatchewan"")"
SK-0141,Gravelbourg,gravelbourg,gravelbourg-southwest-saskatchewan-sk.webp,flag,CC0/Public-Domain,Wikimedia Commons — Public Domain — flag of Saskatchewan (place-neutral fallback),"{SERVICE_CATEGORY} in Gravelbourg, Saskatchewan — Gravelbourg, Southwest Saskatchewan, Saskatchewan — town of 986, 153 km from Regina","Replace with a license-verified photo of Gravelbourg, SK (search Wikimedia Commons: ""Gravelbourg Saskatchewan"")"
SK-0026,Outlook,outlook,outlook-west-central-saskatchewan-sk.webp,flag,CC0/Public-Domain,Wikimedia Commons — Public Domain — flag of Saskatchewan (place-neutral fallback),"{SERVICE_CATEGORY} in Outlook, Saskatchewan — Outlook, West Central Saskatchewan, Saskatchewan — town of 2,336, 77 km from Saskatoon","Replace with a license-verified photo of Outlook, SK (search Wikimedia Commons: ""Outlook Saskatchewan"")"
SK-0036,Biggar,biggar,biggar-west-central-saskatchewan-sk.webp,flag,CC0/Public-Domain,Wikimedia Commons — Public Domain — flag of Saskatchewan (place-neutral fallback),"{SERVICE_CATEGORY} in Biggar, Saskatchewan — Biggar, West Central Saskatchewan, Saskatchewan — town of 2,133, beside Margery Lake","Replace with a license-verified photo of Biggar, SK (search Wikimedia Commons: ""Biggar Saskatchewan"")"
SK-0043,Rosetown,rosetown,rosetown-west-central-saskatchewan-sk.webp,flag,CC0/Public-Domain,Wikimedia Commons — Public Domain — flag of Saskatchewan (place-neutral fallback),"{SERVICE_CATEGORY} in Rosetown, Saskatchewan — Rosetown, West Central Saskatchewan, Saskatchewan — town of 2,507, 111 km from Saskatoon","Replace with a license-verified photo of Rosetown, SK (search Wikimedia Commons: ""Rosetown Saskatchewan"")"
SK-0051,Kindersley,kindersley,kindersley-west-central-saskatchewan-sk.webp,flag,CC0/Public-Domain,Wikimedia Commons — Public Domain — flag of Saskatchewan (place-neutral fallback),"{SERVICE_CATEGORY} in Kindersley, Saskatchewan — Kindersley, West Central Saskatchewan, Saskatchewan — town of 4,567, beside Motherwell Reservoir","Replace with a license-verified photo of Kindersley, SK (search Wikimedia Commons: ""Kindersley Saskatchewan"")"
SK-0419,Kindersley,kindersley-rm,kindersley-rm-west-central-saskatchewan-sk.webp,flag,CC0/Public-Domain,Wikimedia Commons — Public Domain — flag of Saskatchewan (place-neutral fallback),"{SERVICE_CATEGORY} in Kindersley, Saskatchewan — Kindersley, West Central Saskatchewan, Saskatchewan — rural municipality of 1,003, farmland 183 km from Saskatoon","Replace with a license-verified photo of Kindersley, SK (search Wikimedia Commons: ""Kindersley Saskatchewan"")"
